{
  "binary_accuracy": 0.9995192307692308,
  "count": 4160.0,
  "mae": 0.0038234019935366576,
  "rmse": 0.00792260308373429,
  "train_count": 4160.0
}